RK,NAME,TEAM,SALARY
1,"Kobe Bryant, SF",Los Angeles Lakers,"$23,500,000"
2,"Joe Johnson, SF",Brooklyn Nets,"$23,180,790"
3,"Carmelo Anthony, SF",New York Knicks,"$22,458,401"
4,"Dwight Howard, C",Houston Rockets,"$21,436,271"
5,"Chris Bosh, PF",Miami Heat,"$20,644,400"
6,"LeBron James, SF",Cleveland Cavaliers,"$20,644,400"
7,"Chris Paul, PG",Los Angeles Clippers,"$20,068,563"
8,"Deron Williams, PG",Brooklyn Nets,"$19,754,465"
9,"Rudy Gay, SF",Sacramento Kings,"$19,317,326"
10,"Kevin Durant, SF",Oklahoma City Thunder,"$18,995,624"
RK,NAME,TEAM,SALARY
11,"Derrick Rose, PG",Chicago Bulls,"$18,862,876"
12,"Blake Griffin, PF",Los Angeles Clippers,"$17,674,613"
13,"Zach Randolph, PF",Memphis Grizzlies,"$16,500,000"
14,"LaMarcus Aldridge, PF",Portland Trail Blazers,"$16,006,000"
15,"Paul George, SF",Indiana Pacers,"$15,937,290"
16,"Marc Gasol, C",Memphis Grizzlies,"$15,829,688"
17,"Kevin Love, PF",Cleveland Cavaliers,"$15,719,063"
18,"Russell Westbrook, PG",Oklahoma City Thunder,"$15,719,062"
19,"Brook Lopez, C",Brooklyn Nets,"$15,719,062"
20,"David Lee, PF",Golden State Warriors,"$15,012,000"
RK,NAME,TEAM,SALARY
21,"Dwyane Wade, SG",Miami Heat,"$15,000,000"
22,"Roy Hibbert, C",Indiana Pacers,"$14,898,938"
23,"Eric Gordon, SG",New Orleans Pelicans,"$14,898,938"
24,"Tyson Chandler, C",Dallas Mavericks,"$14,846,888"
25,"John Wall, PG",Washington Wizards,"$14,746,000"
26,"DeMarcus Cousins, C",Sacramento Kings,"$14,746,000"
27,"James Harden, SG",Houston Rockets,"$14,728,844"
28,"Chandler Parsons, SF",Dallas Mavericks,"$14,700,000"
29,"Al Jefferson, C",Charlotte Hornets,"$13,500,000"
30,"Eric Bledsoe, PG",Phoenix Suns,"$13,000,000"
RK,NAME,TEAM,SALARY
31,"Nene Hilario, C",Washington Wizards,"$13,000,000"
32,"Andrew Bogut, C",Golden State Warriors,"$12,972,973"
33,"Derrick Favors, PF",Utah Jazz,"$12,950,000"
34,"Rajon Rondo, PG",Dallas Mavericks,"$12,909,090"
35,"Joakim Noah, C",Chicago Bulls,"$12,700,000"
36,"Tony Parker, PG",San Antonio Spurs,"$12,500,000"
37,"Serge Ibaka, PF",Oklahoma City Thunder,"$12,350,000"
38,"Andre Iguodala, SF",Golden State Warriors,"$12,289,544"
39,"Nikola Pekovic, C",Minnesota Timberwolves,"$12,100,000"
40,"Kyle Lowry, PG",Toronto Raptors,"$12,000,000"
2014-2015 Player Salaries,,,
RK,NAME,TEAM,SALARY
41,"Al Horford, C",Atlanta Hawks,"$12,000,000"
42,"Nicolas Batum, SG",Portland Trail Blazers,"$11,765,500"
43,"Ty Lawson, PG",Denver Nuggets,"$11,595,506"
44,"Andrea Bargnani, C",New York Knicks,"$11,500,000"
45,"DeAndre Jordan, C",Los Angeles Clippers,"$11,440,123"
46,"Tyreke Evans, SG",New Orleans Pelicans,"$11,265,416"
47,"JaVale McGee, C",Philadelphia 76ers,"$11,250,000"
48,"Larry Sanders, C",Milwaukee Bucks,"$11,000,000"
49,"Danilo Gallinari, SF",Denver Nuggets,"$10,854,850"
50,"Stephen Curry, PG",Golden State Warriors,"$10,629,213"
RK,NAME,TEAM,SALARY
51,"Marcin Gortat, C",Washington Wizards,"$10,434,782"
52,"Tim Duncan, C",San Antonio Spurs,"$10,361,446"
53,"Gerald Wallace, SF",Boston Celtics,"$10,105,855"
54,"DeMar DeRozan, SG",Toronto Raptors,"$10,100,000"
55,"Jrue Holiday, PG",New Orleans Pelicans,"$9,904,495"
56,"Luol Deng, SF",Miami Heat,"$9,714,461"
57,"Anderson Varejao, C",Cleveland Cavaliers,"$9,704,545"
58,"Steve Nash, PG",Los Angeles Lakers,"$9,701,000"
59,"Paul Millsap, PF",Atlanta Hawks,"$9,500,000"
60,"Thaddeus Young, PF",Brooklyn Nets,"$9,410,869"
RK,NAME,TEAM,SALARY
61,"Tiago Splitter, C",San Antonio Spurs,"$9,250,000"
62,"Jeff Green, SF",Memphis Grizzlies,"$9,200,000"
63,"Lance Stephenson, SF",Charlotte Hornets,"$9,000,000"
64,"Jordan Hill, C",Los Angeles Lakers,"$9,000,000"
65,"Mike Conley, PG",Memphis Grizzlies,"$8,694,216"
66,"Trevor Ariza, SF",Houston Rockets,"$8,579,089"
67,"Channing Frye, PF",Orlando Magic,"$8,579,088"
68,"Marcus Thornton, SF",Phoenix Suns,"$8,575,000"
69,"Ryan Anderson, PF",New Orleans Pelicans,"$8,491,500"
70,"Jeremy Lin, PG",Los Angeles Lakers,"$8,374,646"
RK,NAME,TEAM,SALARY
71,"Omer Asik, C",New Orleans Pelicans,"$8,374,646"
72,"Monta Ellis, SG",Dallas Mavericks,"$8,360,000"
73,"George Hill, PG",Indiana Pacers,"$8,000,000"
74,"Brandon Jennings, PG",Detroit Pistons,"$8,000,000"
75,"Taj Gibson, PF",Chicago Bulls,"$8,000,000"
76,"Dirk Nowitzki, PF",Dallas Mavericks,"$7,974,482"
77,"Ersan Ilyasova, PF",Milwaukee Bucks,"$7,900,000"
78,"Tayshaun Prince, SF",Memphis Grizzlies,"$7,707,865"
79,"Boris Diaw, C",San Antonio Spurs,"$7,500,000"
80,"Arron Afflalo, SG",Portland Trail Blazers,"$7,500,000"
RK,NAME,TEAM,SALARY
81,"Goran Dragic, PG",Phoenix Suns,"$7,500,000"
82,"Wesley Matthews, SG",Portland Trail Blazers,"$7,245,640"
83,"Isaiah Thomas, PG",Phoenix Suns,"$7,238,606"
84,"Avery Bradley, PG",Boston Celtics,"$7,191,011"
85,"Pau Gasol, C",Chicago Bulls,"$7,128,000"
86,"Jose Calderon, PG",New York Knicks,"$7,097,191"
87,"Kyrie Irving, PG",Cleveland Cavaliers,"$7,070,730"
88,"Marvin Williams, PF",Charlotte Hornets,"$7,000,000"
89,"Manu Ginobili, SG",San Antonio Spurs,"$7,000,000"
90,"Amir Johnson, PF",Toronto Raptors,"$7,000,000"
RK,NAME,TEAM,SALARY
91,"Brandon Bass, PF",Boston Celtics,"$6,900,000"
92,"Kevin Martin, SG",Minnesota Timberwolves,"$6,792,500"
93,"JJ Redick, SG",Los Angeles Clippers,"$6,792,500"
94,"Wilson Chandler, SF",Denver Nuggets,"$6,757,913"
95,"Jason Richardson, SG",Philadelphia 76ers,"$6,601,125"
96,"J.R. Smith, SG",New York Knicks,"$6,515,510"
97,"Carl Landry, PF",Sacramento Kings,"$6,500,000"
98,"Greivis Vasquez, PG",Toronto Raptors,"$6,400,000"
99,"Derrick Williams, PF",Sacramento Kings,"$6,331,404"
100,"Jarrett Jack, PG",Brooklyn Nets,"$6,300,000"
RK,NAME,TEAM,SALARY
101,"Kyle Korver, SG",Atlanta Hawks,"$6,253,521"
102,"Landry Fields, SG",Toronto Raptors,"$6,250,000"
103,"Robin Lopez, C",Portland Trail Blazers,"$6,124,729"
104,"Jason Thompson, PF",Sacramento Kings,"$6,037,500"
105,"Gerald Henderson, SG",Charlotte Hornets,"$6,000,000"
106,"Jodie Meeks, SG",Detroit Pistons,"$6,000,000"
107,"Chuck Hayes, PF",Toronto Raptors,"$5,958,750"
108,"Jason Terry, SG",Houston Rockets,"$5,850,313"
109,"Patrick Patterson, PF",Toronto Raptors,"$5,831,326"
110,"P.J. Tucker, SF",Phoenix Suns,"$5,700,000"
RK,NAME,TEAM,SALARY
111,"Enes Kanter, C",Utah Jazz,"$5,694,674"
112,"Anthony Davis, PF",New Orleans Pelicans,"$5,607,240"
113,"Anthony Bennett, PF",Minnesota Timberwolves,"$5,563,920"
114,"Andrew Wiggins, SG",Minnesota Timberwolves,"$5,510,640"
115,"Greg Monroe, C",Detroit Pistons,"$5,479,934"
116,"Courtney Lee, SG",Memphis Grizzlies,"$5,450,000"
117,"Louis Williams, SG",Toronto Raptors,"$5,450,000"
118,"Jamal Crawford, SG",Los Angeles Clippers,"$5,450,000"
119,"Martell Webster, SF",Washington Wizards,"$5,381,750"
120,"JJ Hickson, C",Denver Nuggets,"$5,381,750"
RK,NAME,TEAM,SALARY
121,"Chris Andersen, PF",Miami Heat,"$5,375,000"
122,"Spencer Hawes, PF",Los Angeles Clippers,"$5,305,000"
123,"Josh McRoberts, PF",Miami Heat,"$5,305,000"
124,"Paul Pierce, SF",Washington Wizards,"$5,305,000"
125,"Nikola Mirotic, PF",Chicago Bulls,"$5,305,000"
126,"Keith Bogans, SG",Philadelphia 76ers,"$5,285,817"
127,"Zaza Pachulia, C",Milwaukee Bucks,"$5,200,000"
128,"Tristan Thompson, C",Cleveland Cavaliers,"$5,138,430"
129,"Michael Kidd-Gilchrist, SF",Charlotte Hornets,"$5,016,960"
130,"Brandan Wright, PF",Phoenix Suns,"$5,000,000"
RK,NAME,TEAM,SALARY
131,"Trevor Booker, PF",Utah Jazz,"$5,000,000"
132,"Nick Young, SF",Los Angeles Lakers,"$4,994,420"
133,"Victor Oladipo, SG",Orlando Magic,"$4,978,200"
134,"Jabari Parker, PF",Milwaukee Bucks,"$4,930,560"
135,"Luis Scola, PF",Indiana Pacers,"$4,868,499"
136,"Tony Allen, SG",Memphis Grizzlies,"$4,831,461"
137,"Chris Kaman, C",Portland Trail Blazers,"$4,800,000"
138,"Darren Collison, PG",Sacramento Kings,"$4,797,664"
139,"Kostas Papanikolaou, SF",Houston Rockets,"$4,797,664"
140,"Corey Brewer, SG",Minnesota Timberwolves,"$4,702,500"
RK,NAME,TEAM,SALARY
141,"Ricky Rubio, PG",Minnesota Timberwolves,"$4,660,479"
142,"Andre Miller, PG",Washington Wizards,"$4,650,000"
143,"Timofey Mozgov, C",Denver Nuggets,"$4,650,000"
144,"Bradley Beal, SG",Washington Wizards,"$4,505,280"
145,"Caron Butler, SF",Detroit Pistons,"$4,500,000"
146,"Jonas Jerebko, PF",Detroit Pistons,"$4,500,000"
147,"Otto Porter Jr., SF",Washington Wizards,"$4,470,480"
148,"Joel Embiid, C",Philadelphia 76ers,"$4,427,640"
149,"Luc Richard Mbah a Moute, PF",Philadelphia 76ers,"$4,382,576"
150,"Jared Dudley, SF",Milwaukee Bucks,"$4,250,000"
RK,NAME,TEAM,SALARY
151,"Kris Humphries, PF",Washington Wizards,"$4,250,000"
152,"C.J. Miles, SF",Indiana Pacers,"$4,205,000"
153,"Thabo Sefolosha, SF",Atlanta Hawks,"$4,150,000"
154,"Dion Waiters, SG",Oklahoma City Thunder,"$4,062,000"
155,"Samuel Dalembert, C",New York Knicks,"$4,051,527"
156,"Cody Zeller, C",Charlotte Hornets,"$4,030,560"
157,"Danny Green, SG",San Antonio Spurs,"$4,025,000"
158,"Mario Chalmers, PG",Miami Heat,"$4,000,000"
159,"Ian Mahinmi, C",Indiana Pacers,"$4,000,000"
160,"Aaron Gordon, PF",Orlando Magic,"$3,992,040"
RK,NAME,TEAM,SALARY
161,"Mo Williams, PG",Charlotte Hornets,"$3,965,074"
162,"Vince Carter, SG",Memphis Grizzlies,"$3,911,981"
163,"Kevin Seraphin, PF",Washington Wizards,"$3,898,692"
164,"Devin Harris, PG",Dallas Mavericks,"$3,878,896"
165,"Bismack Biyombo, C",Charlotte Hornets,"$3,873,398"
166,"Patty Mills, PG",San Antonio Spurs,"$3,842,105"
167,"Joel Anthony, C",Detroit Pistons,"$3,800,000"
168,"Raymond Felton, PG",Dallas Mavericks,"$3,793,693"
169,"Jonas Valanciunas, C",Toronto Raptors,"$3,678,360"
170,"Thomas Robinson, PF",Portland Trail Blazers,"$3,678,360"
RK,NAME,TEAM,SALARY
171,"Marreese Speights, C",Golden State Warriors,"$3,657,500"
172,"Alex Len, C",Phoenix Suns,"$3,649,920"
173,"Dante Exum, PG",Utah Jazz,"$3,615,000"
174,"Brandon Knight, PG",Phoenix Suns,"$3,553,917"
175,"Gerald Green, SF",Phoenix Suns,"$3,500,000"
176,"Darrell Arthur, PF",Denver Nuggets,"$3,457,149"
177,"Steve Novak, SF",Utah Jazz,"$3,445,947"
178,"Matt Barnes, SF",Los Angeles Clippers,"$3,396,250"
179,"Mirza Teletovic, PF",Brooklyn Nets,"$3,368,100"
180,"Damian Lillard, PG",Portland Trail Blazers,"$3,340,920"
RK,NAME,TEAM,SALARY
181,"Mike Scott, PF",Atlanta Hawks,"$3,333,333"
182,"Tyler Hansbrough, PF",Toronto Raptors,"$3,326,235"
183,"Andrei Kirilenko, SF",Brooklyn Nets,"$3,326,235"
184,"Mike Dunleavy, SG",Chicago Bulls,"$3,326,235"
185,"Nerlens Noel, PF",Philadelphia 76ers,"$3,315,120"
186,"Marcus Smart, PG",Boston Celtics,"$3,283,320"
187,"Alexey Shved, PG",Philadelphia 76ers,"$3,282,056"
188,"Jason Smith, PF",New York Knicks,"$3,278,000"
189,"Evan Turner, SG",Boston Celtics,"$3,278,000"
190,"Bojan Bogdanovic, SG",Brooklyn Nets,"$3,278,000"
RK,NAME,TEAM,SALARY
191,"Kemba Walker, PG",Charlotte Hornets,"$3,272,091"
192,"Carlos Boozer, PF",Los Angeles Lakers,"$3,251,000"
193,"Gary Neal, PG",Charlotte Hornets,"$3,250,000"
194,"Carlos Delfino, SG",LA Clippers,"$3,250,000"
195,"Anthony Morrow, SG",Oklahoma City Thunder,"$3,200,000"
196,"Dorell Wright, SF",Portland Trail Blazers,"$3,150,000"
197,"Quincy Pondexter, SF",Memphis Grizzlies,"$3,146,068"
198,"Chris Copeland, F",Indiana Pacers,"$3,135,000"
199,"Klay Thompson, SG",Golden State Warriors,"$3,075,880"
200,"Harrison Barnes, SF",Golden State Warriors,"$3,049,920"
RK,NAME,TEAM,SALARY
201,"Alec Burks, SG",Utah Jazz,"$3,034,356"
202,"Ben McLemore, SG",Sacramento Kings,"$3,026,280"
203,"Joel Freeland, C",Portland Trail Blazers,"$3,013,512"
204,"Anthony Tolliver, PF",Phoenix Suns,"$3,000,000"
205,"Kosta Koufos, C",Memphis Grizzlies,"$3,000,000"
206,"Jerryd Bayless, PG",Milwaukee Bucks,"$3,000,000"
207,"D.J. Augustin, PG",Oklahoma City Thunder,"$3,000,000"
208,"Randy Foye, SG",Denver Nuggets,"$3,000,000"
209,"Julius Randle, PF",Los Angeles Lakers,"$2,997,360"
210,"Markieff Morris, PF",Phoenix Suns,"$2,989,239"
RK,NAME,TEAM,SALARY
211,"Furkan Aldemir, PF",Philadelphia 76ers,"$2,963,232"
212,"Marcus Morris, PF",Phoenix Suns,"$2,943,221"
213,"Will Bynum, PG",Washington Wizards,"$2,915,908"
214,"Kawhi Leonard, SF",San Antonio Spurs,"$2,894,059"
215,"Marco Belinelli, SG",San Antonio Spurs,"$2,873,750"
216,"Terrence Ross, SF",Toronto Raptors,"$2,793,960"
217,"Kentavious Caldwell-Pope, SG",Detroit Pistons,"$2,772,480"
218,"Nikola Vucevic, C",Orlando Magic,"$2,751,260"
219,"Luke Ridnour, PG",Orlando Magic,"$2,750,000"
220,"Nik Stauskas, SG",Sacramento Kings,"$2,745,840"
RK,NAME,TEAM,SALARY
221,"Brian Roberts, PG",Charlotte Hornets,"$2,732,000"
222,"Udonis Haslem, PF",Miami Heat,"$2,732,000"
223,"Jameer Nelson, PG",Denver Nuggets,"$2,732,000"
224,"Mike Miller, SG",Cleveland Cavaliers,"$2,732,000"
225,"Kirk Hinrich, SG",Chicago Bulls,"$2,732,000"
226,"Iman Shumpert, SG",New York Knicks,"$2,616,975"
227,"Andre Drummond, C",Detroit Pistons,"$2,568,360"
228,"Trey Burke, PG",Utah Jazz,"$2,548,560"
229,"Noah Vonleh, PF",Charlotte Hornets,"$2,524,200"
230,"James Johnson, PF",Toronto Raptors,"$2,500,000"
RK,NAME,TEAM,SALARY
231,"DeMarre Carroll, SF",Atlanta Hawks,"$2,442,455"
232,"Austin Rivers, PG",Los Angeles Clippers,"$2,439,840"
233,"Shelvin Mack, PG",Atlanta Hawks,"$2,433,333"
234,"C.J. McCollum, SG",Portland Trail Blazers,"$2,421,000"
235,"Elfrid Payton, PG",Orlando Magic,"$2,397,840"
236,"Tobias Harris, SF",Orlando Magic,"$2,380,594"
237,"Meyers Leonard, PF",Portland Trail Blazers,"$2,317,920"
238,"Michael Carter-Williams, PG",Philadelphia 76ers,"$2,300,040"
239,"Doug McDermott, SF",Chicago Bulls,"$2,277,960"
240,"Kenneth Faried, PF",Denver Nuggets,"$2,249,768"
RK,NAME,TEAM,SALARY
241,"Nick Collison, PF",Oklahoma City Thunder,"$2,242,003"
242,"Brendan Haywood, C",Cleveland Cavaliers,"$2,213,668"
243,"Reggie Jackson, PG",Oklahoma City Thunder,"$2,204,369"
244,"Jeremy Lamb, SG",Oklahoma City Thunder,"$2,202,000"
245,"Steven Adams, C",Oklahoma City Thunder,"$2,184,960"
246,"Vitor Faverani, C",Boston Celtics,"$2,090,000"
247,"Ramon Sessions, PG",Washington Wizards,"$2,077,000"
248,"Jordan Farmar, PG",Los Angeles Clippers,"$2,077,000"
249,"C.J. Watson, PG",Indiana Pacers,"$2,077,000"
250,"Josh Smith, C",Houston Rockets,"$2,077,000"
RK,NAME,TEAM,SALARY
251,"Danny Granger, SF",Miami Heat,"$2,077,000"
252,"Kelly Olynyk, C",Boston Celtics,"$2,075,760"
253,"Zach LaVine, PG",Minnesota Timberwolves,"$2,055,840"
254,"Norris Cole, PG",Miami Heat,"$2,038,206"
255,"Cory Joseph, PG",San Antonio Spurs,"$2,023,261"
256,"Jimmy Butler, SG",Chicago Bulls,"$2,008,748"
257,"John Salmons, SF",New Orleans Pelicans,"$2,000,000"
258,"DeJuan Blair, C",Washington Wizards,"$2,000,000"
259,"Kent Bazemore, SF",Atlanta Hawks,"$2,000,000"
260,"John Henson, PF",Milwaukee Bucks,"$1,987,320"
RK,NAME,TEAM,SALARY
261,"Shabazz Muhammad, SF",Minnesota Timberwolves,"$1,971,960"
262,"T.J. Warren, SF",Phoenix Suns,"$1,953,120"
263,"Maurice Harkless, SF",Orlando Magic,"$1,887,840"
264,"Giannis Antetokounmpo, SF",Milwaukee Bucks,"$1,873,200"
265,"Adreian Payne, PF",Minnesota Timberwolves,"$1,855,320"
266,"Jeff Ayres, PF",San Antonio Spurs,"$1,828,750"
267,"Anthony Randolph, SF",Orlando Magic,"$1,825,359"
268,"Jeremy Evans, SF",Utah Jazz,"$1,794,871"
269,"Joffrey Lauvergne, C",Denver Nuggets,"$1,790,281"
270,"Reggie Evans, C",Sacramento Kings,"$1,768,653"
RK,NAME,TEAM,SALARY
271,"Lucas Nogueira, C",Toronto Raptors,"$1,762,680"
272,"Jusuf Nurkic, C",Denver Nuggets,"$1,762,680"
273,"Luigi Datome, SF",Detroit Pistons,"$1,750,000"
274,"Zoran Dragic, SG",Phoenix Suns,"$1,706,225"
275,"Tyler Zeller, C",Boston Celtics,"$1,703,760"
276,"Dennis Schroder, PG",Atlanta Hawks,"$1,690,680"
277,"James Young, SG",Boston Celtics,"$1,674,480"
278,"Pablo Prigioni, PG",New York Knicks,"$1,662,961"
279,"Ryan Kelly, PF",Los Angeles Lakers,"$1,650,000"
280,"Terrence Jones, PF",Houston Rockets,"$1,618,680"
RK,NAME,TEAM,SALARY
281,"Shane Larkin, PG",New York Knicks,"$1,606,080"
282,"Tyler Ennis, PG",Phoenix Suns,"$1,590,720"
283,"Andrew Nicholson, PF",Orlando Magic,"$1,545,840"
284,"Sergey Karasev, SG",Brooklyn Nets,"$1,533,840"
285,"Gary Harris, SG",Denver Nuggets,"$1,519,200"
286,"Ronny Turiaf, C",Minnesota Timberwolves,"$1,500,000"
287,"Miroslav Raduljica, C",Minnesota Timberwolves,"$1,500,000"
288,"Evan Fournier, SG",Orlando Magic,"$1,483,920"
289,"Donatas Motiejunas, PF",Houston Rockets,"$1,483,920"
290,"Tony Snell, SF",Chicago Bulls,"$1,472,400"
RK,NAME,TEAM,SALARY
291,"Bruno Caboclo, SF",Toronto Raptors,"$1,458,360"
292,"Scotty Hopson, SG",Sacramento Kings,"$1,450,878"
293,"Willie Green, SG",Orlando Magic,"$1,448,490"
294,"Mike James, PG",Chicago Bulls,"$1,448,490"
295,"Jared Sullinger, C",Boston Celtics,"$1,424,520"
296,"Gorgui Dieng, C",Minnesota Timberwolves,"$1,413,480"
297,"Mitch McGary, PF",Oklahoma City Thunder,"$1,400,040"
298,"Victor Claver, PF",Portland Trail Blazers,"$1,370,000"
299,"Mason Plumlee, C",Brooklyn Nets,"$1,357,080"
300,"Jordan Adams, SG",Memphis Grizzlies,"$1,344,120"
RK,NAME,TEAM,SALARY
301,"Melvin Ely, C",Washington Wizards,"$1,316,809"
302,"John Jenkins, SG",Atlanta Hawks,"$1,312,920"
303,"Josh Powell, PF",Milwaukee Bucks,"$1,310,286"
304,"Ronnie Brewer, SF",Chicago Bulls,"$1,310,286"
305,"Solomon Hill, SF",Indiana Pacers,"$1,302,840"
306,"Rodney Hood, SG",Utah Jazz,"$1,290,360"
307,"Alan Anderson, SG",Brooklyn Nets,"$1,276,061"
308,"Tim Hardaway Jr., SG",New York Knicks,"$1,250,640"
309,"Hasheem Thabeet, C",Detroit Pistons,"$1,250,000"
310,"Pero Antic, PF",Atlanta Hawks,"$1,250,000"
RK,NAME,TEAM,SALARY
311,"Shabazz Napier, PG",Miami Heat,"$1,238,640"
312,"Aaron Gray, C",Detroit Pistons,"$1,227,985"
313,"Shawne Williams, SF",Miami Heat,"$1,227,985"
314,"Shavlik Randolph, PF",Phoenix Suns,"$1,227,985"
315,"Tony Wroten, SG",Philadelphia 76ers,"$1,210,080"
316,"Reggie Bullock, SF",Phoenix Suns,"$1,200,720"
317,"Clint Capela, PF",Houston Rockets,"$1,189,200"
318,"Miles Plumlee, C",Phoenix Suns,"$1,169,880"
319,"Andre Roberson, SG",Oklahoma City Thunder,"$1,160,880"
320,"P.J. Hairston, SF",Charlotte Hornets,"$1,149,720"
RK,NAME,TEAM,SALARY
321,"Hilton Armstrong, PF",Golden State Warriors,"$1,145,685"
322,"Brandon Rush, SF",Golden State Warriors,"$1,145,685"
323,"Cartier Martin, PF",Detroit Pistons,"$1,145,685"
324,"Arnett Moultrie, PF",New York Knicks,"$1,136,160"
325,"Perry Jones, SF",Oklahoma City Thunder,"$1,129,200"
326,"Rudy Gobert, C",Utah Jazz,"$1,127,400"
327,"Marquis Teague, PG",Philadelphia 76ers,"$1,120,920"
328,"Festus Ezeli, C",Golden State Warriors,"$1,112,880"
329,"Archie Goodwin, SG",Phoenix Suns,"$1,112,280"
330,"C.J. Wilcox, SG",Los Angeles Clippers,"$1,109,760"
RK,NAME,TEAM,SALARY
331,"Nemanja Nedovic, PG",Golden State Warriors,"$1,104,240"
332,"Damjan Rudez, SF",Indiana Pacers,"$1,100,000"
333,"Kyle Anderson, SF",San Antonio Spurs,"$1,093,680"
334,"Kyle Singler, SF",Oklahoma City Thunder,"$1,090,000"
335,"Xavier Henry, SG",Los Angeles Lakers,"$1,082,000"
336,"Robert Covington, SF",Philadelphia 76ers,"$1,000,000"
337,"Garrett Temple, SG",Washington Wizards,"$981,084"
338,"Luke Babbitt, SF",New Orleans Pelicans,"$981,084"
339,"Ed Davis, PF",Los Angeles Lakers,"$981,084"
340,"Al-Farouq Aminu, SF",Dallas Mavericks,"$981,084"
RK,NAME,TEAM,SALARY
341,"Alexis Ajinca, C",New Orleans Pelicans,"$981,084"
342,"Jon Leuer, PF",Memphis Grizzlies,"$967,500"
343,"Josh Harrellson, C",Washington Wizards,"$948,163"
344,"Greg Smith, PF",Dallas Mavericks,"$948,163"
345,"Donald Sloan, PG",Indiana Pacers,"$948,163"
346,"E'Twaun Moore, SG",Chicago Bulls,"$948,163"
347,"Jannero Pargo, PG",Charlotte Hornets,"$915,243"
348,"Jason Maxiell, PF",Charlotte Hornets,"$915,243"
349,"Jeff Taylor, SF",Charlotte Hornets,"$915,243"
350,"Drew Gooden, PF",Washington Wizards,"$915,243"
RK,NAME,TEAM,SALARY
351,"Ryan Hollins, C",Sacramento Kings,"$915,243"
352,"Rasual Butler, SF",Washington Wizards,"$915,243"
353,"Nazr Mohammed, C",Chicago Bulls,"$915,243"
354,"Sebastian Telfair, PG",Oklahoma City Thunder,"$915,243"
355,"Doron Lamb, SG",null Unknown,"$915,243"
356,"Jae Crowder, SF",Dallas Mavericks,"$915,243"
357,"J.J. Barea, PG",Dallas Mavericks,"$909,859"
358,"Jerami Grant, SF",Philadelphia 76ers,"$884,879"
359,"Devyn Marble, SF",Orlando Magic,"$884,879"
360,"Joe Harris, SG",Cleveland Cavaliers,"$884,879"
RK,NAME,TEAM,SALARY
361,"Robbie Hummel, SF",Minnesota Timberwolves,"$880,000"
362,"Allen Crabbe, SG",Portland Trail Blazers,"$862,000"
363,"Ish Smith, PG",Oklahoma City Thunder,"$861,405"
364,"Damien Inglis, SF",Milwaukee Bucks,"$820,000"
365,"Isaiah Canaan, PG",Philadelphia 76ers,"$816,842"
366,"Hollis Thompson, SG",Philadelphia 76ers,"$816,482"
367,"Ray McCallum, PG",Sacramento Kings,"$816,482"
368,"Troy Daniels, SG",Charlotte Hornets,"$816,482"
369,"Nick Calathes, SG",Memphis Grizzlies,"$816,482"
370,"Jeff Withey, C",New Orleans Pelicans,"$816,482"
RK,NAME,TEAM,SALARY
371,"Grant Jerrett, PF",Utah Jazz,"$816,482"
372,"Dwight Buycks, PG",Los Angeles Lakers,"$816,482"
373,"Erik Jay Murphy, PF",Boston Celtics,"$816,482"
374,"Mike Muscala, PF",Atlanta Hawks,"$816,482"
375,"Hassan Whiteside, C",Miami Heat,"$769,881"
376,"Jeff Adrien, SF",Minnesota Timberwolves,"$742,962"
377,"Jarnell Stokes, PF",Memphis Grizzlies,"$725,000"
378,"Dante Cunningham, PF",New Orleans Pelicans,"$716,043"
379,"Malcolm Lee, SG",Philadelphia 76ers,"$710,659"
380,"Darius Morris, PG",Brooklyn Nets,"$702,756"
RK,NAME,TEAM,SALARY
381,"Spencer Dinwiddie, PG",Detroit Pistons,"$700,000"
382,"Malcolm Thomas, PF",Philadelphia 76ers,"$635,827"
383,"Gal Mekel, PG",New Orleans Pelicans,"$633,974"
384,"Johnny O'Bryant III, PF",Milwaukee Bucks,"$600,000"
385,"James Ennis, SF",Miami Heat,"$507,336"
386,"Russ Smith, PG",Memphis Grizzlies,"$507,336"
387,"Joe Ingles, SF",Utah Jazz,"$507,336"
388,"Erick Green, PG",Denver Nuggets,"$507,336"
389,"Brady Heslip, SG",Minnesota Timberwolves,"$507,336"
390,"Jordan Clarkson, PG",Los Angeles Lakers,"$507,336"
RK,NAME,TEAM,SALARY
391,"Tarik Black, C",Los Angeles Lakers,"$507,336"
392,"Patric Young, PF",New Orleans Pelicans,"$507,336"
393,"Will Cherry, PG",Cleveland Cavaliers,"$495,399"
394,"Kalin Lucas, PG",Memphis Grizzlies,"$486,446"
395,"Drew Gordon, C",Philadelphia 76ers,"$468,540"
396,"Kenyon Martin, PF",Milwaukee Bucks,"$414,551"
397,"Lou Amundson, PF",New York Knicks,"$409,167"
398,"Lance Thomas, SF",Oklahoma City Thunder,"$403,784"
399,"Dahntay Jones, SG",Los Angeles Clippers,"$387,632"
400,"Patrick Christopher, SG",Utah Jazz,"$379,010"
RK,NAME,TEAM,SALARY
401,"Ronald Roberts Jr., PF",Toronto Raptors,"$373,041"
402,"Reggie Williams, SF",San Antonio Spurs,"$344,036"
403,"Amar'e Stoudemire, PF",New York Knicks,"$306,876"
404,"Lorenzo Brown, PG",Minnesota Timberwolves,"$283,367"
405,"Kendrick Perkins, C",Oklahoma City Thunder,"$274,573"
406,"John Lucas III, PG",Detroit Pistons,"$269,189"
407,"Elijah Millsap, SG",Utah Jazz,"$241,731"
408,"Bernard James, C",Dallas Mavericks,"$236,886"
409,"Langston Galloway, SG",New York Knicks,"$235,762"
410,"Tyler Johnson, SG",Miami Heat,"$199,950"
RK,NAME,TEAM,SALARY
411,"Henry Walker, SF",Miami Heat,"$196,217"
412,"Michael Beasley, SF",Miami Heat,"$195,440"
413,"Quincy Miller, SF",Sacramento Kings,"$183,049"
414,"Earl Barron, C",Phoenix Suns,"$183,049"
415,"James Michael McAdoo, SF",Golden State Warriors,"$167,122"
416,"Jordan Hamilton, SG",Los Angeles Clippers,"$150,591"
417,"JaMychal Green, PF",Memphis Grizzlies,"$134,295"
418,"Elliot Williams, SG",Utah Jazz,"$107,676"
419,"Chris Johnson, SF",Utah Jazz,"$107,676"
420,"Toney Douglas, PG",New Orleans Pelicans,"$107,676"
RK,NAME,TEAM,SALARY
421,"Nate Robinson, PG",Los Angeles Clippers,"$107,676"
422,"Jorge Gutierrez, PG",Brooklyn Nets,"$96,056"
423,"Toure' Murry, SF",Washington Wizards,"$96,056"
424,"Bryce Cotton, PG",Utah Jazz,"$92,514"
425,"Jabari Brown, SG",Los Angeles Lakers,"$59,686"
426,"Jack Cooley, SF",Utah Jazz,"$59,686"
427,"Tim Frazier, PG",Portland Trail Blazers,"$59,686"
428,"Tyrus Thomas, PF",Memphis Grizzlies,"$53,838"
429,"A.J. Price, PG",Phoenix Suns,"$53,838"
430,"Austin Daye, SF",San Antonio Spurs,"$53,838"
RK,NAME,TEAM,SALARY
431,"Ricky Ledo, SG",New York Knicks,"$48,028"
432,"Seth Curry, SG",Phoenix Suns,"$48,028"
433,"Andre Dawkins, SG",Miami Heat,"$29,843"
434,"David Stockton, PG",Sacramento Kings,"$29,483"